Switchingtimes,FinalTime,U_Pre,U
0.0,60.0,0.0,0.7200466888871013
20.0,60.0,0.0,2.967802771385563
40.0,60.0,0.0,0.0
