Switchingtimes,FinalTime,U_Pre,U
0.0,60.0,0.0,0.7419771137270781
20.0,60.0,0.0,5.5859703288782825
40.0,60.0,0.0,65.99923599643499
