Switchingtimes,FinalTime,U_Pre,U
0.0,60.0,0.0,0.0
20.0,60.0,0.0,60.687908370353384
40.0,60.0,0.0,36.93256431555132
