Switchingtimes,FinalTime,IPTG_Pre,IPTG
0.0,960.0166667,1.0,50.0
88.42833333,960.0166667,1.0,0.0
118.4283333,960.0166667,1.0,50.0
208.4333333,960.0166667,1.0,0.0
238.4333333,960.0166667,1.0,50.0
328.4333333,960.0166667,1.0,0.0
358.4333333,960.0166667,1.0,50.0
448.4333333,960.0166667,1.0,0.0
478.4333333,960.0166667,1.0,50.0
568.4333333,960.0166667,1.0,0.0
598.4333333,960.0166667,1.0,50.0
688.4333333,960.0166667,1.0,0.0
718.4333333,960.0166667,1.0,50.0
